,Insured,Not_Insured,County,Year,Percent_Insured,Percent_Uninsured
0,52679,8602,Anderson,2010,85.96,14.04
1,30357,8542,Bedford,2010,78.04,21.96
2,10768,2333,Benton,2010,82.19,17.81
3,7957,1846,Bledsoe,2010,81.17,18.83
4,86269,15189,Blount,2010,85.03,14.97
5,68534,13911,Bradley,2010,83.13,16.87
6,27800,5493,Campbell,2010,83.5,16.5
7,9434,2038,Cannon,2010,82.24,17.76
8,18977,3656,Carroll,2010,83.85,16.15
9,38093,8272,Carter,2010,82.16,17.84
10,28995,5523,Cheatham,2010,84.0,16.0
11,11261,2187,Chester,2010,83.74,16.26
12,21844,4122,Claiborne,2010,84.13,15.87
13,5069,1167,Clay,2010,81.29,18.71
14,24125,5285,Cocke,2010,82.03,17.97
15,36547,7384,Coffee,2010,83.19,16.81
16,9720,2371,Crockett,2010,80.39,19.61
17,33284,7963,Cumberland,2010,80.69,19.31
18,431740,106801,Davidson,2010,80.17,19.83
19,7568,1660,Decatur,2010,82.01,17.99
20,12321,3234,DeKalb,2010,79.21,20.79
21,36010,6621,Dickson,2010,84.47,15.53
22,27595,4811,Dyer,2010,85.15,14.85
23,27500,4736,Fayette,2010,85.31,14.69
24,12107,2679,Fentress,2010,81.88,18.12
25,27224,4990,Franklin,2010,84.51,15.49
26,34587,6441,Gibson,2010,84.3,15.7
27,20000,3960,Giles,2010,83.47,16.53
28,15475,3502,Grainger,2010,81.55,18.45
29,45837,9689,Greene,2010,82.55,17.45
30,9276,1904,Grundy,2010,82.97,17.03
31,41913,10214,Hamblen,2010,80.41,19.59
32,233634,45813,Hamilton,2010,83.61,16.39
33,4571,971,Hancock,2010,82.48,17.52
34,16552,3200,Hardeman,2010,83.8,16.2
35,17323,3763,Hardin,2010,82.15,17.85
36,39812,7247,Hawkins,2010,84.6,15.4
37,13179,2818,Haywood,2010,82.38,17.62
38,19700,3730,Henderson,2010,84.08,15.92
39,21324,4332,Henry,2010,83.12,16.88
40,16392,3405,Hickman,2010,82.8,17.2
41,5653,1217,Houston,2010,82.29,17.71
42,12678,2445,Humphreys,2010,83.83,16.17
43,7759,1720,Jackson,2010,81.85,18.15
44,34374,7237,Jefferson,2010,82.61,17.39
45,11024,2252,Johnson,2010,83.04,16.96
46,311607,53027,Knox,2010,85.46,14.54
47,3731,681,Lake,2010,84.56,15.44
48,18064,3519,Lauderdale,2010,83.7,16.3
49,28750,6176,Lawrence,2010,82.32,17.68
50,8206,1888,Lewis,2010,81.3,18.7
51,23403,4167,Lincoln,2010,84.89,15.11
52,31499,6372,Loudon,2010,83.17,16.83
53,35719,6979,McMinn,2010,83.65,16.35
54,17792,3604,McNairy,2010,83.16,16.84
55,15059,3883,Macon,2010,79.5,20.5
56,68658,12945,Madison,2010,84.14,15.86
57,19625,3963,Marion,2010,83.2,16.8
58,21538,4836,Marshall,2010,81.66,18.34
59,58747,11035,Maury,2010,84.19,15.81
60,8132,1607,Meigs,2010,83.5,16.5
61,30222,6657,Monroe,2010,81.95,18.05
62,134417,21403,Montgomery,2010,86.26,13.74
63,4348,785,Moore,2010,84.71,15.29
64,13820,2697,Morgan,2010,83.67,16.33
65,21857,4264,Obion,2010,83.68,16.32
66,15061,3072,Overton,2010,83.06,16.94
67,5096,1278,Perry,2010,79.95,20.05
68,3074,835,Pickett,2010,78.64,21.36
69,11365,2398,Polk,2010,82.58,17.42
70,48270,11109,Putnam,2010,81.29,18.71
71,21543,4460,Rhea,2010,82.85,17.15
72,37460,6117,Roane,2010,85.96,14.04
73,48171,9792,Robertson,2010,83.11,16.89
74,200034,36554,Rutherford,2010,84.55,15.45
75,15623,3325,Scott,2010,82.45,17.55
76,9711,2026,Sequatchie,2010,82.74,17.26
77,59071,16161,Sevier,2010,78.52,21.48
78,670665,143767,Shelby,2010,82.35,17.65
79,13633,2762,Smith,2010,83.15,16.85
80,9185,1838,Stewart,2010,83.33,16.67
81,106404,19222,Sullivan,2010,84.7,15.3
82,117854,21472,Sumner,2010,84.59,15.41
83,45668,7541,Tipton,2010,85.83,14.17
84,5548,1180,Trousdale,2010,82.46,17.54
85,12174,2352,Unicoi,2010,83.81,16.19
86,13295,2980,Union,2010,81.69,18.31
87,3697,827,Van Buren,2010,81.72,18.28
88,26084,7325,Warren,2010,78.07,21.93
89,85467,15135,Washington,2010,84.96,15.04
90,10052,2232,Wayne,2010,81.83,18.17
91,22581,5064,Weakley,2010,81.68,18.32
92,17299,3745,White,2010,82.2,17.8
93,149970,13859,Williamson,2010,91.54,8.46
94,86631,12556,Wilson,2010,87.34,12.66
95,51838,9447,Anderson,2011,84.59,15.41
96,31089,8060,Bedford,2011,79.41,20.59
97,10609,2424,Benton,2011,81.4,18.6
98,7705,2074,Bledsoe,2011,78.79,21.21
99,85285,16424,Blount,2011,83.85,16.15
100,67955,15233,Bradley,2011,81.69,18.31
101,27713,5497,Campbell,2011,83.45,16.55
102,9439,1933,Cannon,2011,83.0,17.0
103,18915,3638,Carroll,2011,83.87,16.13
104,37885,8340,Carter,2011,81.96,18.04
105,29066,5235,Cheatham,2011,84.74,15.26
106,11090,2388,Chester,2011,82.28,17.72
107,21636,4177,Claiborne,2011,83.82,16.18
108,4939,1224,Clay,2011,80.14,19.86
109,23801,5447,Cocke,2011,81.38,18.62
110,36490,7630,Coffee,2011,82.71,17.29
111,9836,2283,Crockett,2011,81.16,18.84
112,33210,8156,Cumberland,2011,80.28,19.72
113,438566,105807,Davidson,2011,80.56,19.44
114,7495,1691,Decatur,2011,81.59,18.41
115,12513,3172,DeKalb,2011,79.78,20.22
116,35325,7573,Dickson,2011,82.35,17.65
117,27282,4910,Dyer,2011,84.75,15.25
118,27459,4532,Fayette,2011,85.83,14.17
119,12137,2639,Fentress,2011,82.14,17.86
120,27029,5050,Franklin,2011,84.26,15.74
121,34670,6551,Gibson,2011,84.11,15.89
122,19764,4075,Giles,2011,82.91,17.09
123,15437,3558,Grainger,2011,81.27,18.73
124,45643,10164,Greene,2011,81.79,18.21
125,8992,2028,Grundy,2011,81.6,18.4
126,42033,10395,Hamblen,2011,80.17,19.83
127,236177,45805,Hamilton,2011,83.76,16.24
128,4469,983,Hancock,2011,81.97,18.03
129,16205,3148,Hardeman,2011,83.73,16.27
130,17074,3822,Hardin,2011,81.71,18.29
131,39299,7439,Hawkins,2011,84.08,15.92
132,13091,2608,Haywood,2011,83.39,16.61
133,19817,3763,Henderson,2011,84.04,15.96
134,21090,4556,Henry,2011,82.24,17.76
135,15887,3635,Hickman,2011,81.38,18.62
136,5616,1138,Houston,2011,83.15,16.85
137,12435,2556,Humphreys,2011,82.95,17.05
138,7490,1760,Jackson,2011,80.97,19.03
139,34340,7306,Jefferson,2011,82.46,17.54
140,10840,2309,Johnson,2011,82.44,17.56
141,312695,54572,Knox,2011,85.14,14.86
142,3673,695,Lake,2011,84.09,15.91
143,18006,3516,Lauderdale,2011,83.66,16.34
144,28887,6146,Lawrence,2011,82.46,17.54
145,8166,1910,Lewis,2011,81.04,18.96
146,22995,4547,Lincoln,2011,83.49,16.51
147,31467,6405,Loudon,2011,83.09,16.91
148,35496,7339,McMinn,2011,82.87,17.13
149,17658,3689,McNairy,2011,82.72,17.28
150,15147,3981,Macon,2011,79.19,20.81
151,67719,13508,Madison,2011,83.37,16.63
152,19483,3942,Marion,2011,83.17,16.83
153,21491,5022,Marshall,2011,81.06,18.94
154,58842,10998,Maury,2011,84.25,15.75
155,7946,1642,Meigs,2011,82.87,17.13
156,29915,7097,Monroe,2011,80.83,19.17
157,133645,25444,Montgomery,2011,84.01,15.99
158,4304,829,Moore,2011,83.85,16.15
159,13613,2767,Morgan,2011,83.11,16.89
160,21884,4144,Obion,2011,84.08,15.92
161,14988,3166,Overton,2011,82.56,17.44
162,5085,1244,Perry,2011,80.34,19.66
163,3066,879,Pickett,2011,77.72,22.28
164,11198,2542,Polk,2011,81.5,18.5
165,47512,12171,Putnam,2011,79.61,20.39
166,21575,4574,Rhea,2011,82.51,17.49
167,36704,6409,Roane,2011,85.13,14.87
168,48109,10326,Robertson,2011,82.33,17.67
169,201127,39817,Rutherford,2011,83.47,16.53
170,15407,3462,Scott,2011,81.65,18.35
171,9755,2075,Sequatchie,2011,82.46,17.54
172,59352,16914,Sevier,2011,77.82,22.18
173,668860,148501,Shelby,2011,81.83,18.17
174,13663,2737,Smith,2011,83.31,16.69
175,8996,1887,Stewart,2011,82.66,17.34
176,106085,19688,Sullivan,2011,84.35,15.65
177,119621,21253,Sumner,2011,84.91,15.09
178,45688,7540,Tipton,2011,85.83,14.17
179,5477,1208,Trousdale,2011,81.93,18.07
180,12003,2541,Unicoi,2011,82.53,17.47
181,13325,3057,Union,2011,81.34,18.66
182,3612,837,Van Buren,2011,81.19,18.81
183,26430,7078,Warren,2011,78.88,21.12
184,83787,17287,Washington,2011,82.9,17.1
185,9843,2399,Wayne,2011,80.4,19.6
186,22692,4920,Weakley,2011,82.18,17.82
187,17420,3837,White,2011,81.95,18.05
188,151292,15370,Williamson,2011,90.78,9.22
189,86608,13860,Wilson,2011,86.2,13.8
190,52679,8602,Anderson,2010,85.96,14.04
191,30357,8542,Bedford,2010,78.04,21.96
192,10768,2333,Benton,2010,82.19,17.81
193,7957,1846,Bledsoe,2010,81.17,18.83
194,86269,15189,Blount,2010,85.03,14.97
195,68534,13911,Bradley,2010,83.13,16.87
196,27800,5493,Campbell,2010,83.5,16.5
197,9434,2038,Cannon,2010,82.24,17.76
198,18977,3656,Carroll,2010,83.85,16.15
199,38093,8272,Carter,2010,82.16,17.84
200,28995,5523,Cheatham,2010,84.0,16.0
201,11261,2187,Chester,2010,83.74,16.26
202,21844,4122,Claiborne,2010,84.13,15.87
203,5069,1167,Clay,2010,81.29,18.71
204,24125,5285,Cocke,2010,82.03,17.97
205,36547,7384,Coffee,2010,83.19,16.81
206,9720,2371,Crockett,2010,80.39,19.61
207,33284,7963,Cumberland,2010,80.69,19.31
208,431740,106801,Davidson,2010,80.17,19.83
209,7568,1660,Decatur,2010,82.01,17.99
210,12321,3234,DeKalb,2010,79.21,20.79
211,36010,6621,Dickson,2010,84.47,15.53
212,27595,4811,Dyer,2010,85.15,14.85
213,27500,4736,Fayette,2010,85.31,14.69
214,12107,2679,Fentress,2010,81.88,18.12
215,27224,4990,Franklin,2010,84.51,15.49
216,34587,6441,Gibson,2010,84.3,15.7
217,20000,3960,Giles,2010,83.47,16.53
218,15475,3502,Grainger,2010,81.55,18.45
219,45837,9689,Greene,2010,82.55,17.45
220,9276,1904,Grundy,2010,82.97,17.03
221,41913,10214,Hamblen,2010,80.41,19.59
222,233634,45813,Hamilton,2010,83.61,16.39
223,4571,971,Hancock,2010,82.48,17.52
224,16552,3200,Hardeman,2010,83.8,16.2
225,17323,3763,Hardin,2010,82.15,17.85
226,39812,7247,Hawkins,2010,84.6,15.4
227,13179,2818,Haywood,2010,82.38,17.62
228,19700,3730,Henderson,2010,84.08,15.92
229,21324,4332,Henry,2010,83.12,16.88
230,16392,3405,Hickman,2010,82.8,17.2
231,5653,1217,Houston,2010,82.29,17.71
232,12678,2445,Humphreys,2010,83.83,16.17
233,7759,1720,Jackson,2010,81.85,18.15
234,34374,7237,Jefferson,2010,82.61,17.39
235,11024,2252,Johnson,2010,83.04,16.96
236,311607,53027,Knox,2010,85.46,14.54
237,3731,681,Lake,2010,84.56,15.44
238,18064,3519,Lauderdale,2010,83.7,16.3
239,28750,6176,Lawrence,2010,82.32,17.68
240,8206,1888,Lewis,2010,81.3,18.7
241,23403,4167,Lincoln,2010,84.89,15.11
242,31499,6372,Loudon,2010,83.17,16.83
243,35719,6979,McMinn,2010,83.65,16.35
244,17792,3604,McNairy,2010,83.16,16.84
245,15059,3883,Macon,2010,79.5,20.5
246,68658,12945,Madison,2010,84.14,15.86
247,19625,3963,Marion,2010,83.2,16.8
248,21538,4836,Marshall,2010,81.66,18.34
249,58747,11035,Maury,2010,84.19,15.81
250,8132,1607,Meigs,2010,83.5,16.5
251,30222,6657,Monroe,2010,81.95,18.05
252,134417,21403,Montgomery,2010,86.26,13.74
253,4348,785,Moore,2010,84.71,15.29
254,13820,2697,Morgan,2010,83.67,16.33
255,21857,4264,Obion,2010,83.68,16.32
256,15061,3072,Overton,2010,83.06,16.94
257,5096,1278,Perry,2010,79.95,20.05
258,3074,835,Pickett,2010,78.64,21.36
259,11365,2398,Polk,2010,82.58,17.42
260,48270,11109,Putnam,2010,81.29,18.71
261,21543,4460,Rhea,2010,82.85,17.15
262,37460,6117,Roane,2010,85.96,14.04
263,48171,9792,Robertson,2010,83.11,16.89
264,200034,36554,Rutherford,2010,84.55,15.45
265,15623,3325,Scott,2010,82.45,17.55
266,9711,2026,Sequatchie,2010,82.74,17.26
267,59071,16161,Sevier,2010,78.52,21.48
268,670665,143767,Shelby,2010,82.35,17.65
269,13633,2762,Smith,2010,83.15,16.85
270,9185,1838,Stewart,2010,83.33,16.67
271,106404,19222,Sullivan,2010,84.7,15.3
272,117854,21472,Sumner,2010,84.59,15.41
273,45668,7541,Tipton,2010,85.83,14.17
274,5548,1180,Trousdale,2010,82.46,17.54
275,12174,2352,Unicoi,2010,83.81,16.19
276,13295,2980,Union,2010,81.69,18.31
277,3697,827,Van Buren,2010,81.72,18.28
278,26084,7325,Warren,2010,78.07,21.93
279,85467,15135,Washington,2010,84.96,15.04
280,10052,2232,Wayne,2010,81.83,18.17
281,22581,5064,Weakley,2010,81.68,18.32
282,17299,3745,White,2010,82.2,17.8
283,149970,13859,Williamson,2010,91.54,8.46
284,86631,12556,Wilson,2010,87.34,12.66
285,51838,9447,Anderson,2011,84.59,15.41
286,31089,8060,Bedford,2011,79.41,20.59
287,10609,2424,Benton,2011,81.4,18.6
288,7705,2074,Bledsoe,2011,78.79,21.21
289,85285,16424,Blount,2011,83.85,16.15
290,67955,15233,Bradley,2011,81.69,18.31
291,27713,5497,Campbell,2011,83.45,16.55
292,9439,1933,Cannon,2011,83.0,17.0
293,18915,3638,Carroll,2011,83.87,16.13
294,37885,8340,Carter,2011,81.96,18.04
295,29066,5235,Cheatham,2011,84.74,15.26
296,11090,2388,Chester,2011,82.28,17.72
297,21636,4177,Claiborne,2011,83.82,16.18
298,4939,1224,Clay,2011,80.14,19.86
299,23801,5447,Cocke,2011,81.38,18.62
300,36490,7630,Coffee,2011,82.71,17.29
301,9836,2283,Crockett,2011,81.16,18.84
302,33210,8156,Cumberland,2011,80.28,19.72
303,438566,105807,Davidson,2011,80.56,19.44
304,7495,1691,Decatur,2011,81.59,18.41
305,12513,3172,DeKalb,2011,79.78,20.22
306,35325,7573,Dickson,2011,82.35,17.65
307,27282,4910,Dyer,2011,84.75,15.25
308,27459,4532,Fayette,2011,85.83,14.17
309,12137,2639,Fentress,2011,82.14,17.86
310,27029,5050,Franklin,2011,84.26,15.74
311,34670,6551,Gibson,2011,84.11,15.89
312,19764,4075,Giles,2011,82.91,17.09
313,15437,3558,Grainger,2011,81.27,18.73
314,45643,10164,Greene,2011,81.79,18.21
315,8992,2028,Grundy,2011,81.6,18.4
316,42033,10395,Hamblen,2011,80.17,19.83
317,236177,45805,Hamilton,2011,83.76,16.24
318,4469,983,Hancock,2011,81.97,18.03
319,16205,3148,Hardeman,2011,83.73,16.27
320,17074,3822,Hardin,2011,81.71,18.29
321,39299,7439,Hawkins,2011,84.08,15.92
322,13091,2608,Haywood,2011,83.39,16.61
323,19817,3763,Henderson,2011,84.04,15.96
324,21090,4556,Henry,2011,82.24,17.76
325,15887,3635,Hickman,2011,81.38,18.62
326,5616,1138,Houston,2011,83.15,16.85
327,12435,2556,Humphreys,2011,82.95,17.05
328,7490,1760,Jackson,2011,80.97,19.03
329,34340,7306,Jefferson,2011,82.46,17.54
330,10840,2309,Johnson,2011,82.44,17.56
331,312695,54572,Knox,2011,85.14,14.86
332,3673,695,Lake,2011,84.09,15.91
333,18006,3516,Lauderdale,2011,83.66,16.34
334,28887,6146,Lawrence,2011,82.46,17.54
335,8166,1910,Lewis,2011,81.04,18.96
336,22995,4547,Lincoln,2011,83.49,16.51
337,31467,6405,Loudon,2011,83.09,16.91
338,35496,7339,McMinn,2011,82.87,17.13
339,17658,3689,McNairy,2011,82.72,17.28
340,15147,3981,Macon,2011,79.19,20.81
341,67719,13508,Madison,2011,83.37,16.63
342,19483,3942,Marion,2011,83.17,16.83
343,21491,5022,Marshall,2011,81.06,18.94
344,58842,10998,Maury,2011,84.25,15.75
345,7946,1642,Meigs,2011,82.87,17.13
346,29915,7097,Monroe,2011,80.83,19.17
347,133645,25444,Montgomery,2011,84.01,15.99
348,4304,829,Moore,2011,83.85,16.15
349,13613,2767,Morgan,2011,83.11,16.89
350,21884,4144,Obion,2011,84.08,15.92
351,14988,3166,Overton,2011,82.56,17.44
352,5085,1244,Perry,2011,80.34,19.66
353,3066,879,Pickett,2011,77.72,22.28
354,11198,2542,Polk,2011,81.5,18.5
355,47512,12171,Putnam,2011,79.61,20.39
356,21575,4574,Rhea,2011,82.51,17.49
357,36704,6409,Roane,2011,85.13,14.87
358,48109,10326,Robertson,2011,82.33,17.67
359,201127,39817,Rutherford,2011,83.47,16.53
360,15407,3462,Scott,2011,81.65,18.35
361,9755,2075,Sequatchie,2011,82.46,17.54
362,59352,16914,Sevier,2011,77.82,22.18
363,668860,148501,Shelby,2011,81.83,18.17
364,13663,2737,Smith,2011,83.31,16.69
365,8996,1887,Stewart,2011,82.66,17.34
366,106085,19688,Sullivan,2011,84.35,15.65
367,119621,21253,Sumner,2011,84.91,15.09
368,45688,7540,Tipton,2011,85.83,14.17
369,5477,1208,Trousdale,2011,81.93,18.07
370,12003,2541,Unicoi,2011,82.53,17.47
371,13325,3057,Union,2011,81.34,18.66
372,3612,837,Van Buren,2011,81.19,18.81
373,26430,7078,Warren,2011,78.88,21.12
374,83787,17287,Washington,2011,82.9,17.1
375,9843,2399,Wayne,2011,80.4,19.6
376,22692,4920,Weakley,2011,82.18,17.82
377,17420,3837,White,2011,81.95,18.05
378,151292,15370,Williamson,2011,90.78,9.22
379,86608,13860,Wilson,2011,86.2,13.8
380,52825,8247,Anderson,2012,86.5,13.5
381,31123,7818,Bedford,2012,79.92,20.08
382,10442,2398,Benton,2012,81.32,18.68
383,7733,1861,Bledsoe,2012,80.6,19.4
384,86257,14793,Blount,2012,85.36,14.64
385,70201,13411,Bradley,2012,83.96,16.04
386,27406,5347,Campbell,2012,83.67,16.33
387,9379,1976,Cannon,2012,82.6,17.4
388,18665,3661,Carroll,2012,83.6,16.4
389,37786,7900,Carter,2012,82.71,17.29
390,28776,5497,Cheatham,2012,83.96,16.04
391,11191,2119,Chester,2012,84.08,15.92
392,21107,4110,Claiborne,2012,83.7,16.3
393,4954,1125,Clay,2012,81.49,18.51
394,23803,5209,Cocke,2012,82.05,17.95
395,36566,7549,Coffee,2012,82.89,17.11
396,9729,2354,Crockett,2012,80.52,19.48
397,33445,7492,Cumberland,2012,81.7,18.3
398,451190,103496,Davidson,2012,81.34,18.66
399,7393,1640,Decatur,2012,81.84,18.16
400,12488,3101,DeKalb,2012,80.11,19.89
401,36308,6617,Dickson,2012,84.58,15.42
402,27547,4430,Dyer,2012,86.15,13.85
403,27236,4426,Fayette,2012,86.02,13.98
404,11864,2626,Fentress,2012,81.88,18.12
405,26554,5086,Franklin,2012,83.93,16.07
406,34610,6185,Gibson,2012,84.84,15.16
407,19663,3685,Giles,2012,84.22,15.78
408,15453,3236,Grainger,2012,82.69,17.31
409,45423,9424,Greene,2012,82.82,17.18
410,8862,2063,Grundy,2012,81.12,18.88
411,41612,10065,Hamblen,2012,80.52,19.48
412,239398,45171,Hamilton,2012,84.13,15.87
413,4483,926,Hancock,2012,82.88,17.12
414,15838,3038,Hardeman,2012,83.91,16.09
415,17122,3575,Hardin,2012,82.73,17.27
416,38841,7256,Hawkins,2012,84.26,15.74
417,12848,2462,Haywood,2012,83.92,16.08
418,19724,3741,Henderson,2012,84.06,15.94
419,21113,4312,Henry,2012,83.04,16.96
420,15709,3467,Hickman,2012,81.92,18.08
421,5685,1117,Houston,2012,83.58,16.42
422,12263,2487,Humphreys,2012,83.14,16.86
423,7386,1749,Jackson,2012,80.85,19.15
424,34339,7217,Jefferson,2012,82.63,17.37
425,10598,2277,Johnson,2012,82.31,17.69
426,314899,54706,Knox,2012,85.2,14.8
427,3578,685,Lake,2012,83.93,16.07
428,17799,3551,Lauderdale,2012,83.37,16.63
429,28607,6168,Lawrence,2012,82.26,17.74
430,7907,1826,Lewis,2012,81.24,18.76
431,23250,4163,Lincoln,2012,84.81,15.19
432,31581,6291,Loudon,2012,83.39,16.61
433,35119,7338,McMinn,2012,82.72,17.28
434,17649,3544,McNairy,2012,83.28,16.72
435,15216,3746,Macon,2012,80.24,19.76
436,67680,13369,Madison,2012,83.51,16.49
437,19502,3778,Marion,2012,83.77,16.23
438,21613,4647,Marshall,2012,82.3,17.7
439,58740,11023,Maury,2012,84.2,15.8
440,7866,1596,Meigs,2012,83.13,16.87
441,29853,6820,Monroe,2012,81.4,18.6
442,141965,23940,Montgomery,2012,85.57,14.43
443,4234,794,Moore,2012,84.21,15.79
444,13520,2706,Morgan,2012,83.32,16.68
445,21154,4251,Obion,2012,83.27,16.73
446,15003,2986,Overton,2012,83.4,16.6
447,5045,1225,Perry,2012,80.46,19.54
448,3127,723,Pickett,2012,81.22,18.78
449,11160,2357,Polk,2012,82.56,17.44
450,47992,11557,Putnam,2012,80.59,19.41
451,21851,4294,Rhea,2012,83.58,16.42
452,36239,6144,Roane,2012,85.5,14.5
453,48371,9508,Robertson,2012,83.57,16.43
454,207020,37707,Rutherford,2012,84.59,15.41
455,15501,3221,Scott,2012,82.8,17.2
456,9744,2022,Sequatchie,2012,82.81,17.19
457,59553,16871,Sevier,2012,77.92,22.08
458,682412,136382,Shelby,2012,83.34,16.66
459,13730,2494,Smith,2012,84.63,15.37
460,9148,1726,Stewart,2012,84.13,15.87
461,105407,19072,Sullivan,2012,84.68,15.32
462,122505,19336,Sumner,2012,86.37,13.63
463,45699,7536,Tipton,2012,85.84,14.16
464,5470,1113,Trousdale,2012,83.09,16.91
465,11988,2374,Unicoi,2012,83.47,16.53
466,13182,2899,Union,2012,81.97,18.03
467,3712,768,Van Buren,2012,82.86,17.14
468,26511,6548,Warren,2012,80.19,19.81
469,84569,16740,Washington,2012,83.48,16.52
470,9924,2124,Wayne,2012,82.37,17.63
471,22962,4240,Weakley,2012,84.41,15.59
472,17327,3716,White,2012,82.34,17.66
473,156310,13906,Williamson,2012,91.83,8.17
474,88629,13090,Wilson,2012,87.13,12.87
475,52745,8209,Anderson,2013,86.53,13.47
476,30560,8512,Bedford,2013,78.21,21.79
477,10341,2301,Benton,2013,81.8,18.2
478,7551,1992,Bledsoe,2013,79.13,20.87
479,86303,15031,Blount,2013,85.17,14.83
480,68979,14887,Bradley,2013,82.25,17.75
481,27006,5444,Campbell,2013,83.22,16.78
482,9383,1874,Cannon,2013,83.35,16.65
483,18591,3550,Carroll,2013,83.97,16.03
484,37347,8060,Carter,2013,82.25,17.75
485,29275,5026,Cheatham,2013,85.35,14.65
486,11252,2105,Chester,2013,84.24,15.76
487,20757,4125,Claiborne,2013,83.42,16.58
488,4856,1125,Clay,2013,81.19,18.81
489,23821,4930,Cocke,2013,82.85,17.15
490,36781,7361,Coffee,2013,83.32,16.68
491,9650,2388,Crockett,2013,80.16,19.84
492,33161,7771,Cumberland,2013,81.01,18.99
493,459623,103675,Davidson,2013,81.59,18.41
494,7373,1615,Decatur,2013,82.03,17.97
495,12638,3125,DeKalb,2013,80.18,19.82
496,35658,6899,Dickson,2013,83.79,16.21
497,27349,4429,Dyer,2013,86.06,13.94
498,26820,4588,Fayette,2013,85.39,14.61
499,11771,2612,Fentress,2013,81.84,18.16
500,26783,5010,Franklin,2013,84.24,15.76
501,34175,6315,Gibson,2013,84.4,15.6
502,19318,3705,Giles,2013,83.91,16.09
503,15176,3410,Grainger,2013,81.65,18.35
504,44469,9449,Greene,2013,82.48,17.52
505,8706,2014,Grundy,2013,81.21,18.79
506,41287,10443,Hamblen,2013,79.81,20.19
507,242148,43973,Hamilton,2013,84.63,15.37
508,4457,902,Hancock,2013,83.17,16.83
509,15718,2843,Hardeman,2013,84.68,15.32
510,16953,3730,Hardin,2013,81.97,18.03
511,38914,7058,Hawkins,2013,84.65,15.35
512,12804,2476,Haywood,2013,83.8,16.2
513,19801,3566,Henderson,2013,84.74,15.26
514,20797,4373,Henry,2013,82.63,17.37
515,15727,3421,Hickman,2013,82.13,17.87
516,5500,1158,Houston,2013,82.61,17.39
517,12234,2455,Humphreys,2013,83.29,16.71
518,7428,1670,Jackson,2013,81.64,18.36
519,34336,6891,Jefferson,2013,83.29,16.71
520,10360,2299,Johnson,2013,81.84,18.16
521,319214,51902,Knox,2013,86.01,13.99
522,3638,655,Lake,2013,84.74,15.26
523,18079,3290,Lauderdale,2013,84.6,15.4
524,28803,5717,Lawrence,2013,83.44,16.56
525,7831,1906,Lewis,2013,80.43,19.57
526,23071,4365,Lincoln,2013,84.09,15.91
527,31306,6813,Loudon,2013,82.13,17.87
528,34953,7158,McMinn,2013,83.0,17.0
529,17379,3648,McNairy,2013,82.65,17.35
530,15381,3707,Macon,2013,80.58,19.42
531,69018,11936,Madison,2013,85.26,14.74
532,19723,3488,Marion,2013,84.97,15.03
533,21682,4660,Marshall,2013,82.31,17.69
534,59781,11199,Maury,2013,84.22,15.78
535,7741,1606,Meigs,2013,82.82,17.18
536,30005,6464,Monroe,2013,82.28,17.72
537,141918,23166,Montgomery,2013,85.97,14.03
538,4217,761,Moore,2013,84.71,15.29
539,13472,2585,Morgan,2013,83.9,16.1
540,20942,4213,Obion,2013,83.25,16.75
541,14770,2987,Overton,2013,83.18,16.82
542,5045,1195,Perry,2013,80.85,19.15
543,3073,741,Pickett,2013,80.57,19.43
544,11155,2312,Polk,2013,82.83,17.17
545,48586,11080,Putnam,2013,81.43,18.57
546,21920,4282,Rhea,2013,83.66,16.34
547,36061,5738,Roane,2013,86.27,13.73
548,48717,9374,Robertson,2013,83.86,16.14
549,210150,39925,Rutherford,2013,84.03,15.97
550,15526,3014,Scott,2013,83.74,16.26
551,9934,1927,Sequatchie,2013,83.75,16.25
552,59702,17153,Sevier,2013,77.68,22.32
553,674925,141686,Shelby,2013,82.65,17.35
554,13704,2414,Smith,2013,85.02,14.98
555,9044,1795,Stewart,2013,83.44,16.56
556,105317,18458,Sullivan,2013,85.09,14.91
557,123575,20054,Sumner,2013,86.04,13.96
558,45599,7338,Tipton,2013,86.14,13.86
559,5383,1200,Trousdale,2013,81.77,18.23
560,11830,2315,Unicoi,2013,83.63,16.37
561,13103,2866,Union,2013,82.05,17.95
562,3577,805,Van Buren,2013,81.63,18.37
563,26295,6777,Warren,2013,79.51,20.49
564,85643,15661,Washington,2013,84.54,15.46
565,9724,2216,Wayne,2013,81.44,18.56
566,22576,4262,Weakley,2013,84.12,15.88
567,17549,3548,White,2013,83.18,16.82
568,159358,15523,Williamson,2013,91.12,8.88
569,90068,13518,Wilson,2013,86.95,13.05
570,52883,7758,Anderson,2014,87.21,12.79
571,32200,7354,Bedford,2014,81.41,18.59
572,10463,1968,Benton,2014,84.17,15.83
573,7783,1617,Bledsoe,2014,82.8,17.2
574,88277,13293,Blount,2014,86.91,13.09
575,71131,13220,Bradley,2014,84.33,15.67
576,26969,4929,Campbell,2014,84.55,15.45
577,9465,1712,Cannon,2014,84.68,15.32
578,18915,3006,Carroll,2014,86.29,13.71
579,37586,7007,Carter,2014,84.29,15.71
580,29625,4647,Cheatham,2014,86.44,13.56
581,11457,1828,Chester,2014,86.24,13.76
582,21023,3648,Claiborne,2014,85.21,14.79
583,4931,947,Clay,2014,83.89,16.11
584,24119,4267,Cocke,2014,84.97,15.03
585,37677,6502,Coffee,2014,85.28,14.72
586,9887,2167,Crockett,2014,82.02,17.98
587,34340,6623,Cumberland,2014,83.83,16.17
588,476933,93801,Davidson,2014,83.56,16.44
589,7496,1445,Decatur,2014,83.84,16.16
590,12886,2822,DeKalb,2014,82.03,17.97
591,36522,6053,Dickson,2014,85.78,14.22
592,27379,3928,Dyer,2014,87.45,12.55
593,27465,3880,Fayette,2014,87.62,12.38
594,11857,2331,Fentress,2014,83.57,16.43
595,27471,4261,Franklin,2014,86.57,13.43
596,35152,5185,Gibson,2014,87.15,12.85
597,19681,3285,Giles,2014,85.7,14.3
598,15552,2997,Grainger,2014,83.84,16.16
599,45403,8054,Greene,2014,84.93,15.07
600,8765,1776,Grundy,2014,83.15,16.85
601,42742,8690,Hamblen,2014,83.1,16.9
602,249416,37436,Hamilton,2014,86.95,13.05
603,4531,774,Hancock,2014,85.41,14.59
604,15570,2552,Hardeman,2014,85.92,14.08
605,17210,3118,Hardin,2014,84.66,15.34
606,39724,5824,Hawkins,2014,87.21,12.79
607,12941,2161,Haywood,2014,85.69,14.31
608,19950,3190,Henderson,2014,86.21,13.79
609,21155,3813,Henry,2014,84.73,15.27
610,16170,3001,Hickman,2014,84.35,15.65
611,5651,949,Houston,2014,85.62,14.38
612,12475,2039,Humphreys,2014,85.95,14.05
613,7655,1392,Jackson,2014,84.61,15.39
614,35427,5789,Jefferson,2014,85.95,14.05
615,10588,1892,Johnson,2014,84.84,15.16
616,327388,46068,Knox,2014,87.66,12.34
617,3597,576,Lake,2014,86.2,13.8
618,18016,2910,Lauderdale,2014,86.09,13.91
619,29272,5327,Lawrence,2014,84.6,15.4
620,7960,1624,Lewis,2014,83.06,16.94
621,23293,3926,Lincoln,2014,85.58,14.42
622,31990,6062,Loudon,2014,84.07,15.93
623,36398,5750,McMinn,2014,86.36,13.64
624,17830,3154,McNairy,2014,84.97,15.03
625,15920,3311,Macon,2014,82.78,17.22
626,69744,10165,Madison,2014,87.28,12.72
627,19654,3461,Marion,2014,85.03,14.97
628,22385,3914,Marshall,2014,85.12,14.88
629,62412,9682,Maury,2014,86.57,13.43
630,7898,1368,Meigs,2014,85.24,14.76
631,29931,6089,Monroe,2014,83.1,16.9
632,149959,20288,Montgomery,2014,88.08,11.92
633,4294,670,Moore,2014,86.5,13.5
634,13659,2218,Morgan,2014,86.03,13.97
635,21224,3595,Obion,2014,85.52,14.48
636,14836,2700,Overton,2014,84.6,15.4
637,5118,998,Perry,2014,83.68,16.32
638,3224,590,Pickett,2014,84.53,15.47
639,11284,2040,Polk,2014,84.69,15.31
640,50704,9206,Putnam,2014,84.63,15.37
641,22290,3806,Rhea,2014,85.42,14.58
642,35808,5430,Roane,2014,86.83,13.17
643,50263,8101,Robertson,2014,86.12,13.88
644,225333,30944,Rutherford,2014,87.93,12.07
645,15666,2695,Scott,2014,85.32,14.68
646,10036,1721,Sequatchie,2014,85.36,14.64
647,62389,15115,Sevier,2014,80.5,19.5
648,690137,122149,Shelby,2014,84.96,15.04
649,13704,2275,Smith,2014,85.76,14.24
650,9111,1592,Stewart,2014,85.13,14.87
651,106043,17493,Sullivan,2014,85.84,14.16
652,129279,17130,Sumner,2014,88.3,11.7
653,46498,6178,Tipton,2014,88.27,11.73
654,5687,1022,Trousdale,2014,84.77,15.23
655,11769,2161,Unicoi,2014,84.49,15.51
656,13271,2589,Union,2014,83.68,16.32
657,3700,688,Van Buren,2014,84.32,15.68
658,26913,5953,Warren,2014,81.89,18.11
659,87928,13435,Washington,2014,86.75,13.25
660,10016,1784,Wayne,2014,84.88,15.12
661,23136,3433,Weakley,2014,87.08,12.92
662,17902,3098,White,2014,85.25,14.75
663,166949,13645,Williamson,2014,92.44,7.56
664,94166,11966,Wilson,2014,88.73,11.27
665,54384,6149,Anderson,2015,89.84,10.16
666,33109,6702,Bedford,2015,83.17,16.83
667,10577,1790,Benton,2015,85.53,14.47
668,8027,1379,Bledsoe,2015,85.34,14.66
669,90737,11100,Blount,2015,89.1,10.9
670,73903,10934,Bradley,2015,87.11,12.89
671,27524,3953,Campbell,2015,87.44,12.56
672,9773,1439,Cannon,2015,87.17,12.83
673,19050,2418,Carroll,2015,88.74,11.26
674,38141,6177,Carter,2015,86.06,13.94
675,30150,3834,Cheatham,2015,88.72,11.28
676,11685,1605,Chester,2015,87.92,12.08
677,21536,3026,Claiborne,2015,87.68,12.32
678,4998,817,Clay,2015,85.95,14.05
679,24618,3252,Cocke,2015,88.33,11.67
680,39062,5513,Coffee,2015,87.63,12.37
681,10107,1839,Crockett,2015,84.61,15.39
682,35128,5643,Cumberland,2015,86.16,13.84
683,497138,81013,Davidson,2015,85.99,14.01
684,7650,1254,Decatur,2015,85.92,14.08
685,13098,2395,DeKalb,2015,84.54,15.46
686,38104,5094,Dickson,2015,88.21,11.79
687,27919,3207,Dyer,2015,89.7,10.3
688,28157,3046,Fayette,2015,90.24,9.76
689,12190,1897,Fentress,2015,86.53,13.47
690,27879,3603,Franklin,2015,88.56,11.44
691,35735,4375,Gibson,2015,89.09,10.91
692,20020,2882,Giles,2015,87.42,12.58
693,15961,2388,Grainger,2015,86.99,13.01
694,46632,6626,Greene,2015,87.56,12.44
695,8898,1553,Grundy,2015,85.14,14.86
696,44045,7414,Hamblen,2015,85.59,14.41
697,256028,32463,Hamilton,2015,88.75,11.25
698,4601,570,Hancock,2015,88.98,11.02
699,15618,2094,Hardeman,2015,88.18,11.82
700,17218,2819,Hardin,2015,85.93,14.07
701,40020,4926,Hawkins,2015,89.04,10.96
702,13042,1761,Haywood,2015,88.1,11.9
703,20489,2515,Henderson,2015,89.07,10.93
704,21440,3227,Henry,2015,86.92,13.08
705,16571,2482,Hickman,2015,86.97,13.03
706,5637,820,Houston,2015,87.3,12.7
707,12794,1622,Humphreys,2015,88.75,11.25
708,7722,1201,Jackson,2015,86.54,13.46
709,36453,5024,Jefferson,2015,87.89,12.11
710,10686,1583,Johnson,2015,87.1,12.9
711,334690,40387,Knox,2015,89.23,10.77
712,3599,469,Lake,2015,88.47,11.53
713,18070,2437,Lauderdale,2015,88.12,11.88
714,30315,4437,Lawrence,2015,87.23,12.77
715,8039,1372,Lewis,2015,85.42,14.58
716,24096,3110,Lincoln,2015,88.57,11.43
717,32941,5135,Loudon,2015,86.51,13.49
718,36912,5032,McMinn,2015,88.0,12.0
719,17967,2667,McNairy,2015,87.07,12.93
720,16452,2851,Macon,2015,85.23,14.77
721,70216,8540,Madison,2015,89.16,10.84
722,20337,2636,Marion,2015,88.53,11.47
723,23346,3113,Marshall,2015,88.23,11.77
724,65301,8447,Maury,2015,88.55,11.45
725,8050,1250,Meigs,2015,86.56,13.44
726,30999,5183,Monroe,2015,85.68,14.32
727,157540,15248,Montgomery,2015,91.18,8.82
728,4404,558,Moore,2015,88.75,11.25
729,14068,1711,Morgan,2015,89.16,10.84
730,21288,3100,Obion,2015,87.29,12.71
731,15304,2184,Overton,2015,87.51,12.49
732,5300,837,Perry,2015,86.36,13.64
733,3319,476,Pickett,2015,87.46,12.54
734,11671,1620,Polk,2015,87.81,12.19
735,52006,8009,Putnam,2015,86.66,13.34
736,22498,3359,Rhea,2015,87.01,12.99
737,36373,4577,Roane,2015,88.82,11.18
738,51991,6637,Robertson,2015,88.68,11.32
739,237251,27913,Rutherford,2015,89.47,10.53
740,15928,2262,Scott,2015,87.56,12.44
741,10370,1357,Sequatchie,2015,88.43,11.57
742,64558,12947,Sevier,2015,83.3,16.7
743,696763,110137,Shelby,2015,86.35,13.65
744,14514,1638,Smith,2015,89.86,10.14
745,9371,1268,Stewart,2015,88.08,11.92
746,108992,13743,Sullivan,2015,88.8,11.2
747,132738,16182,Sumner,2015,89.13,10.87
748,47268,5428,Tipton,2015,89.7,10.3
749,5800,914,Trousdale,2015,86.39,13.61
750,11949,1835,Unicoi,2015,86.69,13.31
751,13308,2409,Union,2015,84.67,15.33
752,3840,539,Van Buren,2015,87.69,12.31
753,28105,4952,Warren,2015,85.02,14.98
754,89436,11612,Washington,2015,88.51,11.49
755,10136,1445,Wayne,2015,87.52,12.48
756,23671,2719,Weakley,2015,89.7,10.3
757,18195,2825,White,2015,86.56,13.44
758,175398,11184,Williamson,2015,94.01,5.99
759,99045,10120,Wilson,2015,90.73,9.27
760,54760,5550,Anderson,2016,90.8,9.2
761,34639,5173,Bedford,2016,87.01,12.99
762,10684,1431,Benton,2016,88.19,11.81
763,8150,1331,Bledsoe,2016,85.96,14.04
764,92081,10388,Blount,2016,89.86,10.14
765,73780,11037,Bradley,2016,86.99,13.01
766,27589,3616,Campbell,2016,88.41,11.59
767,9963,1339,Cannon,2016,88.15,11.85
768,19110,2102,Carroll,2016,90.09,9.91
769,38850,5004,Carter,2016,88.59,11.41
770,30766,3197,Cheatham,2016,90.59,9.41
771,11670,1538,Chester,2016,88.36,11.64
772,21972,2461,Claiborne,2016,89.93,10.07
773,5049,714,Clay,2016,87.61,12.39
774,24589,3002,Cocke,2016,89.12,10.88
775,39910,4851,Coffee,2016,89.16,10.84
776,10053,1620,Crockett,2016,86.12,13.88
777,35796,5013,Cumberland,2016,87.72,12.28
778,507673,73272,Davidson,2016,87.39,12.61
779,7845,1084,Decatur,2016,87.86,12.14
780,13555,2007,DeKalb,2016,87.1,12.9
781,38737,4878,Dickson,2016,88.82,11.18
782,27720,3029,Dyer,2016,90.15,9.85
783,28438,2904,Fayette,2016,90.73,9.27
784,12233,1728,Fentress,2016,87.62,12.38
785,28132,3434,Franklin,2016,89.12,10.88
786,36256,3673,Gibson,2016,90.8,9.2
787,20337,2662,Giles,2016,88.43,11.57
788,16208,2230,Grainger,2016,87.91,12.09
789,47062,5761,Greene,2016,89.09,10.91
790,8889,1434,Grundy,2016,86.11,13.89
791,44655,6756,Hamblen,2016,86.86,13.14
792,262008,28689,Hamilton,2016,90.13,9.87
793,4489,603,Hancock,2016,88.16,11.84
794,15388,1886,Hardeman,2016,89.08,10.92
795,17501,2293,Hardin,2016,88.42,11.58
796,39953,4742,Hawkins,2016,89.39,10.61
797,12964,1510,Haywood,2016,89.57,10.43
798,20143,2513,Henderson,2016,88.91,11.09
799,21743,2868,Henry,2016,88.35,11.65
800,16751,2373,Hickman,2016,87.59,12.41
801,5649,736,Houston,2016,88.47,11.53
802,13155,1424,Humphreys,2016,90.23,9.77
803,7722,1166,Jackson,2016,86.88,13.12
804,37031,4519,Jefferson,2016,89.12,10.88
805,10652,1483,Johnson,2016,87.78,12.22
806,343142,34810,Knox,2016,90.79,9.21
807,3582,452,Lake,2016,88.8,11.2
808,17903,2257,Lauderdale,2016,88.8,11.2
809,31012,4018,Lawrence,2016,88.53,11.47
810,8288,1090,Lewis,2016,88.38,11.62
811,23977,3011,Lincoln,2016,88.84,11.16
812,33389,4702,Loudon,2016,87.66,12.34
813,37490,4359,McMinn,2016,89.58,10.42
814,17903,2419,McNairy,2016,88.1,11.9
815,16618,2815,Macon,2016,85.51,14.49
816,70892,7113,Madison,2016,90.88,9.12
817,20554,2228,Marion,2016,90.22,9.78
818,23639,3028,Marshall,2016,88.65,11.35
819,68305,7117,Maury,2016,90.56,9.44
820,8304,1123,Meigs,2016,88.09,11.91
821,31483,4468,Monroe,2016,87.57,12.43
822,158964,15343,Montgomery,2016,91.2,8.8
823,4512,454,Moore,2016,90.86,9.14
824,13889,1839,Morgan,2016,88.31,11.69
825,21384,2681,Obion,2016,88.86,11.14
826,15228,2074,Overton,2016,88.01,11.99
827,5409,716,Perry,2016,88.31,11.69
828,3326,396,Pickett,2016,89.36,10.64
829,11740,1428,Polk,2016,89.16,10.84
830,53541,7444,Putnam,2016,87.79,12.21
831,22503,3210,Rhea,2016,87.52,12.48
832,36819,4027,Roane,2016,90.14,9.86
833,52763,6192,Robertson,2016,89.5,10.5
834,249626,24067,Rutherford,2016,91.21,8.79
835,16027,2017,Scott,2016,88.82,11.18
836,10493,1224,Sequatchie,2016,89.55,10.45
837,65462,11903,Sevier,2016,84.61,15.39
838,703728,92483,Shelby,2016,88.38,11.62
839,14526,1668,Smith,2016,89.7,10.3
840,9328,1178,Stewart,2016,88.79,11.21
841,109883,12070,Sullivan,2016,90.1,9.9
842,138878,13249,Sumner,2016,91.29,8.71
843,46724,5161,Tipton,2016,90.05,9.95
844,6063,846,Trousdale,2016,87.76,12.24
845,11943,1582,Unicoi,2016,88.3,11.7
846,13659,1956,Union,2016,87.47,12.53
847,3834,511,Van Buren,2016,88.24,11.76
848,28406,4490,Warren,2016,86.35,13.65
849,91752,9940,Washington,2016,90.23,9.77
850,10091,1404,Wayne,2016,87.79,12.21
851,23448,2501,Weakley,2016,90.36,9.64
852,18625,2325,White,2016,88.9,11.1
853,182950,11006,Williamson,2016,94.33,5.67
854,103900,8508,Wilson,2016,92.43,7.57
855,54264,6218,Anderson,2017,89.72,10.28
856,34495,5801,Bedford,2017,85.6,14.4
857,10520,1489,Benton,2017,87.6,12.4
858,8007,1422,Bledsoe,2017,84.92,15.08
859,92488,10561,Blount,2017,89.75,10.25
860,73837,11377,Bradley,2017,86.65,13.35
861,27109,3847,Campbell,2017,87.57,12.43
862,10138,1381,Cannon,2017,88.01,11.99
863,18844,2295,Carroll,2017,89.14,10.86
864,38260,5222,Carter,2017,87.99,12.01
865,30890,3506,Cheatham,2017,89.81,10.19
866,11599,1558,Chester,2017,88.16,11.84
867,21331,2834,Claiborne,2017,88.27,11.73
868,4894,839,Clay,2017,85.37,14.63
869,24277,3395,Cocke,2017,87.73,12.27
870,40138,4939,Coffee,2017,89.04,10.96
871,9982,1669,Crockett,2017,85.68,14.32
872,35584,5144,Cumberland,2017,87.37,12.63
873,501274,82893,Davidson,2017,85.81,14.19
874,7838,1082,Decatur,2017,87.87,12.13
875,13679,2287,DeKalb,2017,85.68,14.32
876,39382,4808,Dickson,2017,89.12,10.88
877,27471,2995,Dyer,2017,90.17,9.83
878,28046,3474,Fayette,2017,88.98,11.02
879,12272,1723,Fentress,2017,87.69,12.31
880,28101,3340,Franklin,2017,89.38,10.62
881,35430,4327,Gibson,2017,89.12,10.88
882,20204,2802,Giles,2017,87.82,12.18
883,16048,2275,Grainger,2017,87.58,12.42
884,46757,5877,Greene,2017,88.83,11.17
885,8940,1420,Grundy,2017,86.29,13.71
886,44563,7165,Hamblen,2017,86.15,13.85
887,260047,32272,Hamilton,2017,88.96,11.04
888,4448,586,Hancock,2017,88.36,11.64
889,15012,2098,Hardeman,2017,87.74,12.26
890,17465,2327,Hardin,2017,88.24,11.76
891,39410,4912,Hawkins,2017,88.92,11.08
892,12469,1597,Haywood,2017,88.65,11.35
893,19931,2486,Henderson,2017,88.91,11.09
894,21853,2756,Henry,2017,88.8,11.2
895,16593,2468,Hickman,2017,87.05,12.95
896,5625,809,Houston,2017,87.43,12.57
897,12992,1646,Humphreys,2017,88.76,11.24
898,7774,1115,Jackson,2017,87.46,12.54
899,36902,4863,Jefferson,2017,88.36,11.64
900,10406,1498,Johnson,2017,87.42,12.58
901,344647,37471,Knox,2017,90.19,9.81
902,3474,458,Lake,2017,88.35,11.65
903,17598,2388,Lauderdale,2017,88.05,11.95
904,30682,4595,Lawrence,2017,86.97,13.03
905,8250,1142,Lewis,2017,87.84,12.16
906,23868,3084,Lincoln,2017,88.56,11.44
907,33583,4920,Loudon,2017,87.22,12.78
908,36653,5075,McMinn,2017,87.84,12.16
909,18075,2320,McNairy,2017,88.62,11.38
910,17334,2662,Macon,2017,86.69,13.31
911,70051,7445,Madison,2017,90.39,9.61
912,20114,2564,Marion,2017,88.69,11.31
913,24535,2899,Marshall,2017,89.43,10.57
914,69075,8242,Maury,2017,89.34,10.66
915,8231,1174,Meigs,2017,87.52,12.48
916,31694,4317,Monroe,2017,88.01,11.99
917,162119,15705,Montgomery,2017,91.17,8.83
918,4528,476,Moore,2017,90.49,9.51
919,13525,1945,Morgan,2017,87.43,12.57
920,21013,2817,Obion,2017,88.18,11.82
921,15169,2072,Overton,2017,87.98,12.02
922,5274,884,Perry,2017,85.64,14.36
923,3212,439,Pickett,2017,87.98,12.02
924,11433,1635,Polk,2017,87.49,12.51
925,54719,7742,Putnam,2017,87.61,12.39
926,22543,3284,Rhea,2017,87.28,12.72
927,36370,4394,Roane,2017,89.22,10.78
928,53705,6024,Robertson,2017,89.91,10.09
929,254925,26618,Rutherford,2017,90.55,9.45
930,15943,2035,Scott,2017,88.68,11.32
931,10316,1313,Sequatchie,2017,88.71,11.29
932,64748,12956,Sevier,2017,83.33,16.67
933,699212,93094,Shelby,2017,88.25,11.75
934,14561,1678,Smith,2017,89.67,10.33
935,9323,1273,Stewart,2017,87.99,12.01
936,109060,12489,Sullivan,2017,89.73,10.27
937,140140,15226,Sumner,2017,90.2,9.8
938,47169,4695,Tipton,2017,90.95,9.05
939,6066,878,Trousdale,2017,87.36,12.64
940,11834,1665,Unicoi,2017,87.67,12.33
941,13656,2031,Union,2017,87.05,12.95
942,3748,551,Van Buren,2017,87.18,12.82
943,28063,4879,Warren,2017,85.19,14.81
944,90236,11411,Washington,2017,88.77,11.23
945,9984,1341,Wayne,2017,88.16,11.84
946,23142,2657,Weakley,2017,89.7,10.3
947,18578,2384,White,2017,88.63,11.37
948,188078,12631,Williamson,2017,93.71,6.29
949,105600,9956,Wilson,2017,91.38,8.62
950,53488,6990,Anderson,2018,88.44,11.56
951,35093,6029,Bedford,2018,85.34,14.66
952,10629,1552,Benton,2018,87.26,12.74
953,7744,1660,Bledsoe,2018,82.35,17.65
954,91631,11788,Blount,2018,88.6,11.4
955,74202,11670,Bradley,2018,86.41,13.59
956,26801,4041,Campbell,2018,86.9,13.1
957,10230,1464,Cannon,2018,87.48,12.52
958,18708,2436,Carroll,2018,88.48,11.52
959,37421,5690,Carter,2018,86.8,13.2
960,30267,4006,Cheatham,2018,88.31,11.69
961,11596,1667,Chester,2018,87.43,12.57
962,21316,2858,Claiborne,2018,88.18,11.82
963,4976,761,Clay,2018,86.74,13.26
964,24491,3301,Cocke,2018,88.12,11.88
965,40299,5296,Coffee,2018,88.38,11.62
966,9852,1663,Crockett,2018,85.56,14.44
967,35730,5178,Cumberland,2018,87.34,12.66
968,501576,81497,Davidson,2018,86.02,13.98
969,7741,1102,Decatur,2018,87.54,12.46
970,13704,2455,DeKalb,2018,84.81,15.19
971,38793,5622,Dickson,2018,87.34,12.66
972,26919,3316,Dyer,2018,89.03,10.97
973,28451,3124,Fayette,2018,90.11,9.89
974,12115,1874,Fentress,2018,86.6,13.4
975,27883,3639,Franklin,2018,88.46,11.54
976,35156,4396,Gibson,2018,88.89,11.11
977,20272,2763,Giles,2018,88.01,11.99
978,15746,2498,Grainger,2018,86.31,13.69
979,46043,6618,Greene,2018,87.43,12.57
980,8803,1549,Grundy,2018,85.04,14.96
981,44427,7499,Hamblen,2018,85.56,14.44
982,258250,34725,Hamilton,2018,88.15,11.85
983,4366,607,Hancock,2018,87.79,12.21
984,14845,2038,Hardeman,2018,87.93,12.07
985,17114,2504,Hardin,2018,87.24,12.76
986,38919,5143,Hawkins,2018,88.33,11.67
987,12155,1573,Haywood,2018,88.54,11.46
988,19708,2740,Henderson,2018,87.79,12.21
989,21557,2834,Henry,2018,88.38,11.62
990,16564,2586,Hickman,2018,86.5,13.5
991,5654,823,Houston,2018,87.29,12.71
992,12712,1864,Humphreys,2018,87.21,12.79
993,7674,1258,Jackson,2018,85.92,14.08
994,36693,5228,Jefferson,2018,87.53,12.47
995,10378,1579,Johnson,2018,86.79,13.21
996,342831,39398,Knox,2018,89.69,10.31
997,3444,452,Lake,2018,88.4,11.6
998,17096,2457,Lauderdale,2018,87.43,12.57
999,31100,4413,Lawrence,2018,87.57,12.43
1000,8184,1231,Lewis,2018,86.93,13.07
1001,23831,3348,Lincoln,2018,87.68,12.32
1002,33793,5091,Loudon,2018,86.91,13.09
1003,36660,5341,McMinn,2018,87.28,12.72
1004,17545,2617,McNairy,2018,87.02,12.98
1005,17213,2895,Macon,2018,85.6,14.4
1006,68243,8735,Madison,2018,88.65,11.35
1007,20045,2609,Marion,2018,88.48,11.52
1008,24889,3102,Marshall,2018,88.92,11.08
1009,70682,8055,Maury,2018,89.77,10.23
1010,8379,1177,Meigs,2018,87.68,12.32
1011,30850,5081,Monroe,2018,85.86,14.14
1012,166486,16046,Montgomery,2018,91.21,8.79
1013,4527,474,Moore,2018,90.52,9.48
1014,13378,2069,Morgan,2018,86.61,13.39
1015,20900,2755,Obion,2018,88.35,11.65
1016,15094,2141,Overton,2018,87.58,12.42
1017,5406,844,Perry,2018,86.5,13.5
1018,3149,501,Pickett,2018,86.27,13.73
1019,11313,1826,Polk,2018,86.1,13.9
1020,55508,7767,Putnam,2018,87.73,12.27
1021,22738,3335,Rhea,2018,87.21,12.79
1022,36190,4516,Roane,2018,88.91,11.09
1023,52780,7334,Robertson,2018,87.8,12.2
1024,257797,29160,Rutherford,2018,89.84,10.16
1025,15614,2373,Scott,2018,86.81,13.19
1026,10306,1368,Sequatchie,2018,88.28,11.72
1027,63927,13515,Sevier,2018,82.55,17.45
1028,679641,107268,Shelby,2018,86.37,13.63
1029,14526,1892,Smith,2018,88.48,11.52
1030,9349,1356,Stewart,2018,87.33,12.67
1031,107047,14323,Sullivan,2018,88.2,11.8
1032,141543,15785,Sumner,2018,89.97,10.03
1033,46076,5738,Tipton,2018,88.93,11.07
1034,6173,880,Trousdale,2018,87.52,12.48
1035,11827,1632,Unicoi,2018,87.87,12.13
1036,13715,2136,Union,2018,86.52,13.48
1037,3701,588,Van Buren,2018,86.29,13.71
1038,27793,5246,Warren,2018,84.12,15.88
1039,90546,10856,Washington,2018,89.29,10.71
1040,9751,1501,Wayne,2018,86.66,13.34
1041,22446,3261,Weakley,2018,87.31,12.69
1042,18548,2666,White,2018,87.43,12.57
1043,191306,12500,Williamson,2018,93.87,6.13
1044,107215,11102,Wilson,2018,90.62,9.38
1045,53234,7356,Anderson,2019,87.86,12.14
1046,35195,6283,Bedford,2019,84.85,15.15
1047,10374,1630,Benton,2019,86.42,13.58
1048,7893,1574,Bledsoe,2019,83.37,16.63
1049,92406,12138,Blount,2019,88.39,11.61
1050,74655,12174,Bradley,2019,85.98,14.02
1051,26764,3962,Campbell,2019,87.11,12.89
1052,10349,1473,Cannon,2019,87.54,12.46
1053,18270,2641,Carroll,2019,87.37,12.63
1054,36701,5950,Carter,2019,86.05,13.95
1055,30244,4020,Cheatham,2019,88.27,11.73
1056,11555,1635,Chester,2019,87.6,12.4
1057,21155,2953,Claiborne,2019,87.75,12.25
1058,4795,787,Clay,2019,85.9,14.1
1059,24010,3544,Cocke,2019,87.14,12.86
1060,40567,5468,Coffee,2019,88.12,11.88
1061,9589,1736,Crockett,2019,84.67,15.33
1062,35070,5862,Cumberland,2019,85.68,14.32
1063,505579,78123,Davidson,2019,86.62,13.38
1064,7603,1105,Decatur,2019,87.31,12.69
1065,13991,2313,DeKalb,2019,85.81,14.19
1066,39278,5200,Dickson,2019,88.31,11.69
1067,26430,3440,Dyer,2019,88.48,11.52
1068,28188,3586,Fayette,2019,88.71,11.29
1069,12106,1842,Fentress,2019,86.79,13.21
1070,27819,3699,Franklin,2019,88.26,11.74
1071,34703,4596,Gibson,2019,88.31,11.69
1072,19815,2994,Giles,2019,86.87,13.13
1073,15685,2522,Grainger,2019,86.15,13.85
1074,45395,6864,Greene,2019,86.87,13.13
1075,8868,1465,Grundy,2019,85.82,14.18
1076,43814,8105,Hamblen,2019,84.39,15.61
1077,259424,35273,Hamilton,2019,88.03,11.97
1078,4370,587,Hancock,2019,88.16,11.84
1079,14476,2033,Hardeman,2019,87.69,12.31
1080,17042,2370,Hardin,2019,87.79,12.21
1081,38630,5094,Hawkins,2019,88.35,11.65
1082,11830,1613,Haywood,2019,88.0,12.0
1083,19463,2834,Henderson,2019,87.29,12.71
1084,21003,3121,Henry,2019,87.06,12.94
1085,16439,2682,Hickman,2019,85.97,14.03
1086,5505,883,Houston,2019,86.18,13.82
1087,12793,1710,Humphreys,2019,88.21,11.79
1088,7586,1258,Jackson,2019,85.78,14.22
1089,36521,5509,Jefferson,2019,86.89,13.11
1090,10416,1476,Johnson,2019,87.59,12.41
1091,343735,41329,Knox,2019,89.27,10.73
1092,3298,444,Lake,2019,88.13,11.87
1093,16602,2374,Lauderdale,2019,87.49,12.51
1094,30904,4613,Lawrence,2019,87.01,12.99
1095,8348,1137,Lewis,2019,88.01,11.99
1096,23652,3607,Lincoln,2019,86.77,13.23
1097,33945,5388,Loudon,2019,86.3,13.7
1098,36634,5432,McMinn,2019,87.09,12.91
1099,17593,2295,McNairy,2019,88.46,11.54
1100,17111,3011,Macon,2019,85.04,14.96
1101,67853,8637,Madison,2019,88.71,11.29
1102,19974,2764,Marion,2019,87.84,12.16
1103,25068,3353,Marshall,2019,88.2,11.8
1104,71051,9081,Maury,2019,88.67,11.33
1105,8308,1249,Meigs,2019,86.93,13.07
1106,31195,4731,Monroe,2019,86.83,13.17
1107,167705,17282,Montgomery,2019,90.66,9.34
1108,4526,514,Moore,2019,89.8,10.2
1109,13218,1887,Morgan,2019,87.51,12.49
1110,20397,2918,Obion,2019,87.48,12.52
1111,15010,2296,Overton,2019,86.73,13.27
1112,5301,901,Perry,2019,85.47,14.53
1113,3077,538,Pickett,2019,85.12,14.88
1114,11048,1871,Polk,2019,85.52,14.48
1115,55660,8504,Putnam,2019,86.75,13.25
1116,22368,3635,Rhea,2019,86.02,13.98
1117,36241,4305,Roane,2019,89.38,10.62
1118,53218,6963,Robertson,2019,88.43,11.57
1119,262489,30323,Rutherford,2019,89.64,10.36
1120,15671,2143,Scott,2019,87.97,12.03
1121,10225,1465,Sequatchie,2019,87.47,12.53
1122,63276,13557,Sevier,2019,82.36,17.64
1123,680234,103192,Shelby,2019,86.83,13.17
1124,14448,1982,Smith,2019,87.94,12.06
1125,9351,1353,Stewart,2019,87.36,12.64
1126,106373,14688,Sullivan,2019,87.87,12.13
1127,143612,16587,Sumner,2019,89.65,10.35
1128,46093,5353,Tipton,2019,89.59,10.41
1129,6318,933,Trousdale,2019,87.13,12.87
1130,11678,1752,Unicoi,2019,86.95,13.05
1131,13751,2188,Union,2019,86.27,13.73
1132,3789,551,Van Buren,2019,87.3,12.7
1133,27899,5237,Warren,2019,84.2,15.8
1134,89591,12094,Washington,2019,88.11,11.89
1135,9664,1497,Wayne,2019,86.59,13.41
1136,22565,2938,Weakley,2019,88.48,11.52
1137,18547,2717,White,2019,87.22,12.78
1138,197201,13215,Williamson,2019,93.72,6.28
1139,109986,11543,Wilson,2019,90.5,9.5
